image_id,question,answer_ref,wrong_answer_ref,generated_answer
curve_1,What is the overall trend in the evolution of the CAC 40 index since its creation in 1987?,"['The chart shows the evolution of the CAC 40 index since its creation in 1987. Specifically, it displays the closing price on the vertical axis and the year on the horizontal axis.  The index experienced a sharp increase in 1995 and again in 2005, but these surges were followed by significant declines. Overall, the trend of the index is upward. Indeed, since 1987, the index has risen from 1,000 in 1987 to 7,000 in 2021.', 'The chart illustrates the performance of the CAC 40 index since its inception in 1987. The vertical axis represents the closing price, while the horizontal axis shows the years. Notable surges in the index occurred in 1995 and 2005, though both were followed by considerable declines. Despite these fluctuations, the overall trend has been upward. From 1987 to 2021, the index has grown from 1,000 to 7,000.', 'The chart depicts the development of the CAC 40 index from its creation in 1987. The closing price is shown on the vertical axis, and the years are represented on the horizontal axis. The index saw significant increases in 1995 and 2005, but these were followed by steep declines. Nonetheless, the general trend has been positive, with the index rising from 1,000 in 1987 to 7,000 in 2021.']","['The chart shows the evolution of the CAC 40 index since its creation in 1987. Specifically, it displays the opening price on the vertical axis and the year on the horizontal axis. The index experienced a sharp decline in 1995 and again in 2005, but these drops were followed by significant increases. Overall, the trend of the index is downward. Indeed, since 1987, the index has fallen from 1,000 in 1987 to 3,000 in 2021.', 'The chart illustrates the performance of the CAC 40 index since its inception in 1987. The vertical axis represents the opening price, while the horizontal axis shows the years. Notable declines in the index occurred in 1995 and 2005, though both were followed by significant increases. Despite these fluctuations, the overall trend has been downward. From 1987 to 2021, the index has fallen from 1,000 to 3,000.', 'The chart depicts the development of the CAC 40 index from its creation in 1987. The closing price is shown on the vertical axis, and the years are represented on the horizontal axis. The index saw significant declines in 1995 and 2005, but these were followed by sharp increases. Nonetheless, the general trend has been negative, with the index falling from 1,000 in 1987 to 3,000 in 2021.']","To determine the overall trend in the evolution of the CAC 40 index since its creation in 1987, let's break it down step-by-step:

1. **Initial Observation**: The chart shows the CAC 40 index starting at 1000 in December 1987 and rising to various peaks and troughs over the years.

2. **Identifying Key Points**:
   - The index reached a peak of 6,922.33 on September 4, 2000.
   - It then experienced a significant decline, reaching a low point around 2003.
   - Another peak occurred around 2007, followed by a sharp decline during the 2008 financial crisis.
   - The index recovered and reached a new peak of 6,950.68 by November 3, 2021.

3. **Analyzing the Trend**:
   - From 1987 to 2000, the index showed a strong upward trend, increasing significantly.
   - Post-2000, the index experienced volatility with notable peaks and troughs.
   - Despite the volatility, the overall trend from 1987 to 2021 shows an upward movement, with the index reaching new highs.

4. **Conclusion**: The overall trend in the evolution of the CAC 40 index since its creation in 1987 is upward, despite periods of volatility and significant declines.

**Final Answer**: The overall trend is upward."
curve_2,Describe the shape of the curve ?,"['The graph shows time in milliseconds on the horizontal axis and voltage in volts on the vertical axis.\n\nThe voltage remains at 0 until 52 ms, then it rises sharply, reaching 1.75 volts at 62 ms. Subsequently, the voltage drops to -0.9 volts at 70 ms before gradually increasing again to reach 0 volts, where it remains constant.', 'The graph displays time in milliseconds along the horizontal axis and voltage in volts along the vertical axis.  Initially, the voltage stays at 0 volts until 52 ms. It then increases rapidly, peaking at 1.75 volts at 62 ms. Following this, the voltage decreases to -0.9 volts at 70 ms before gradually rising back to 0 volts, where it stabilizes.', 'The graph illustrates time in milliseconds on the horizontal axis and voltage in volts on the vertical axis.  The voltage stays constant at 0 volts up to 52 ms. It then rises steeply, reaching a peak of 1.75 volts at 62 ms. Afterward, the voltage drops to -0.9 volts at 70 ms before gradually returning to 0 volts, where it remains steady.']","['The graph shows temperature in Celsius on the horizontal axis and current in amperes on the vertical axis.  The voltage fluctuates randomly from the start, peaking at 10 volts at 30 ms. It then sharply drops to 5 volts at 50 ms, before suddenly increasing to 8 volts at 100 ms. Finally, the voltage continues to rise, never reaching 0 volts.', 'The graph displays time in seconds along the horizontal axis and current in amperes along the vertical axis. Initially, the current fluctuates between 0 and 5 amperes until 52 seconds. It then decreases slowly, reaching 0.5 amperes at 62 seconds. Following this, the current rises sharply to 2 amperes at 70 seconds before gradually decreasing back to 5 amperes, where it remains unstable.', 'The graph illustrates time in seconds on the horizontal axis and current in milliamperes on the vertical axis. The current fluctuates erratically until 52 seconds. It then decreases slowly, reaching a low of -1.75 milliamperes at 62 seconds. Afterward, the current rises to 0.9 milliamperes at 70 seconds before sharply increasing to 5 milliamperes, where it continues to rise unpredictably.']","The curve in the image appears to be an oscilloscope trace, which is typically used to visualize electrical signals over time. Here is a detailed description of the shape of the curve:

1. **Initial Stability**: The curve starts at a relatively stable baseline near the 0V line, indicating a steady state or no significant signal activity initially.

2. **First Disturbance**: Around the 25th unit on the x-axis (time), there is a small disturbance or noise in the signal, causing a slight deviation from the baseline.

3. **Major Perturbation**: Between the 50th and 75th units on the x-axis, there is a significant perturbation. The signal dips sharply to a negative value, reaching approximately -1V, and then quickly rises to a positive peak of about 1.5V. This indicates a major event or disturbance in the signal.

4. **Recovery Phase**: Following the major perturbation, the signal exhibits a recovery phase where it gradually returns to the baseline. This phase shows a damped oscillatory behavior, with the amplitude of oscillations decreasing over time.

5. **Post-Perturbation Stability**: After the recovery phase, the signal stabilizes back to the baseline, showing minimal fluctuations around the 0V line for the remainder of the time displayed.

Overall, the curve shows an initial stable state, a significant disturbance with a sharp dip and peak, followed by a recovery phase, and finally returning to a stable state. This kind of waveform is often seen in transient response analyses or when a system is subjected to a sudden change and then allowed to stabilize."
curve_3,Describe the overall shape of the curves?,"['\nThe graph shows years on the horizontal axis and global temperature anomalies on the vertical axis according to four measurements: HadCRUT5, GISTEMP, NOAA, ECMWF, and Berkeley Earth.\n\nFor all measurement indices, global temperature anomalies are fairly volatile. However, it is clear that, overall, temperature anomalies have been increasing over the years. Additionally, we can observe that this increase has been more pronounced since 1975.', 'The graph depicts years along the horizontal axis and global temperature anomalies on the vertical axis, based on data from HadCRUT5, GISTEMP, NOAA, ECMWF, and Berkeley Earth.  While global temperature anomalies fluctuate across all measurement indices, a general upward trend is evident. Notably, this increase has been more significant since 1975.', 'The graph presents years on the horizontal axis and global temperature anomalies on the vertical axis, derived from four sources: HadCRUT5, GISTEMP, NOAA, ECMWF, and Berkeley Earth.  Although temperature anomalies show considerable variation across all indices, an overall rise is apparent. This upward trend has become particularly prominent since 1975.']","['The graph shows months on the horizontal axis and local rainfall levels on the vertical axis according to three sources: NASA, METAR, and NOAA.  For all data sources, rainfall levels are remarkably stable. However, it is clear that, overall, rainfall levels have been decreasing over the years. Additionally, we can observe that this decrease has been more significant since 1980.', 'The graph depicts months along the horizontal axis and local temperature fluctuations on the vertical axis, based on data from NOAA, METAR, and NASA. While local temperature fluctuations are relatively stable across all data sources, a general downward trend is evident. Notably, this decrease has been more pronounced since 1980.', 'The graph presents decades on the horizontal axis and local temperature fluctuations on the vertical axis, derived from three sources: NASA, METAR, and NOAA. Although temperature fluctuations are relatively stable across all indices, an overall decline is evident. This downward trend has been especially noticeable since 1980.']","The overall shape of the curves in the image depicting global warming from 1850 to 2023 shows a general trend of increasing global temperature anomalies over time. Here is a detailed description of the shape:

1. **Initial Period (1850-1900)**: The curves exhibit fluctuations with no clear long-term trend. There are periods of both warming and cooling, resulting in a relatively stable temperature anomaly around the baseline.

2. **Mid-20th Century (1900-1950)**: There is a noticeable increase in temperature anomalies, with some variability but a clear upward trend. This period shows a gradual warming trend.

3. **Post-1950s to Present (1950-2023)**: The curves show a significant and consistent upward trend in temperature anomalies. The rate of warming accelerates, particularly from the 1970s onwards. The temperature anomalies become increasingly positive, indicating a substantial rise in global temperatures.

4. **Recent Decades (1990-2023)**: The curves exhibit a sharp and continuous increase in temperature anomalies. The data sets from different sources (HadCRUT5, GISTEMP, NOAA, ECMWF, and Berkeley Earth) converge closely, showing a strong consensus on the rapid warming trend.

Overall, the shape of the curves indicates that global temperatures have been relatively stable with fluctuations until the mid-20th century, followed by a significant and accelerating increase in temperature anomalies, particularly in the latter half of the 20th century and into the 21st century."
graph_1,Can we say that the income distribution was the same for men and women in 2016?,"[""The graph presents the distribution of incomes for men and women in 2016 in the form of a histogram. The unit of measurement on the horizontal axis is the dollar, and the vertical axis corresponds to the number of individuals.\n\nThe two distributions are similar but show some notable differences. In fact, the income distribution for women appears to be more concentrated towards lower salaries, while the income distribution for men is somewhat better spread out. This is why we can observe a slight shift to the right in the distribution of men's salaries compared to women's salaries. For this reason, we cannot assert that the salary distribution was the same for men and women in 2016 based on this graph."", 'The histogram illustrates the income distribution for men and women in 2016. The horizontal axis represents income in dollars, while the vertical axis shows the number of individuals.  Although the two distributions share similarities, there are notable differences. Women’s income distribution is more concentrated around lower salaries, whereas men’s income distribution is more dispersed. Consequently, the men’s distribution shifts slightly to the right compared to women’s. Therefore, this graph suggests that the income distributions for men and women in 2016 were not identical.', 'The graph displays a histogram of income distributions for men and women in 2016. The horizontal axis measures income in dollars, and the vertical axis represents the number of individuals.  While the distributions are broadly similar, key differences stand out. Women’s income distribution tends to cluster around lower salaries, while men’s distribution is more spread out, leading to a slight rightward shift in the men’s salary distribution. Thus, the data suggests that income distributions for men and women in 2016 were not the same.']","[""The graph presents the distribution of ages for men and women in 2016 in the form of a pie chart. The unit of measurement on the horizontal axis is age group, and the vertical axis corresponds to the total population.  The two distributions are drastically different. In fact, the age distribution for women appears to be more spread out towards older age groups, while the distribution for men is concentrated around younger ages. This is why we can observe a slight shift to the left in the distribution of women's ages compared to men's ages. For this reason, we can definitively say that the age distribution was identical for men and women in 2016 based on this chart."", 'The histogram illustrates the age distribution for men and women in 2016. The horizontal axis represents age in years, while the vertical axis shows the total population. Although the two distributions share similarities, there are notable differences. Women’s age distribution is more concentrated around older age groups, whereas men’s age distribution is more spread across younger age groups. Consequently, the men’s distribution shifts slightly to the left compared to women’s. Therefore, this graph suggests that the age distributions for men and women in 2016 were identical.', 'The graph displays a pie chart of age distributions for men and women in 2016. The horizontal axis measures age in years, and the vertical axis represents the total number of people. While the distributions are broadly different, key similarities stand out. Women’s age distribution tends to be more evenly spread across all age groups, while men’s distribution is more concentrated around younger ages, leading to a slight leftward shift in the men’s age distribution. Thus, the data suggests that age distributions for men and women in 2016 were the same.']","The image is a histogram showing the distribution of men's and women's incomes in 2016. The question asks whether we can say that the income distribution was the same for men and women in that year.

To determine this, we need to compare the shapes and positions of the distributions for men and women. The histogram uses different colors to represent the distributions of men's and women's incomes. If the distributions were the same, we would expect to see similar shapes and positions for both colors across the income range.

Upon examining the histogram, it is clear that the distributions for men and women are not the same. The purple distribution (men) and the green distribution (women) have different shapes and positions. For example, the peak of the purple distribution is higher and occurs at a lower income range compared to the green distribution. Additionally, the spread and tail ends of the distributions differ.

Therefore, we cannot say that the income distribution was the same for men and women in 2016."
graph_2,What percentage of the budget is allocated to the Department of the Interior?,"['The graph shows the distribution of the White House budget by agency during the year 2020. The amounts are expressed in billions of dollars.\n\nWe can observe that the majority of the budget is allocated to mandatory spending ($2.841 trillion) and the United States Department of Defense ($750 billion).\n\nAccording to this graph, $12.50 billion was allocated to the U.S. Department of the Interior, which represents 3.76% of the total budget.', 'The graph illustrates the distribution of the White House budget by agency for the year 2020, with amounts presented in billions of dollars.  The largest portions of the budget are allocated to mandatory spending ($2.841 trillion) and the U.S. Department of Defense ($750 billion).  As shown in the graph, the U.S. Department of the Interior received $12.50 billion, accounting for 3.76% of the total budget.', 'The graph depicts the allocation of the White House budget by agency in 2020, with figures expressed in billions of dollars.  Most of the budget is directed toward mandatory spending ($2.841 trillion) and the Department of Defense ($750 billion).  The graph also indicates that $12.50 billion, or 3.76% of the total budget, was designated for the U.S. Department of the Interior.']","['The graph shows the distribution of the White House budget by agency during the year 2020. The amounts are expressed in millions of dollars.  We can observe that the majority of the budget is allocated to discretionary spending ($1.2 trillion) and the United States Department of Health and Human Services ($200 billion).  According to this graph, $25 billion was allocated to the U.S. Department of the Interior, which represents 10.5% of the total budget.', 'The graph illustrates the distribution of the White House budget by agency for the year 2020, with amounts presented in millions of dollars. The largest portions of the budget are allocated to discretionary spending ($500 billion) and the U.S. Department of Health and Human Services ($300 billion). As shown in the graph, the U.S. Department of the Interior received $50 billion, accounting for 10% of the total budget.', 'The graph depicts the allocation of the White House budget by agency in 2020, with figures expressed in millions of dollars. Most of the budget is directed toward discretionary spending ($1.2 trillion) and the Department of Education ($400 billion). The graph also indicates that $50 billion, or 12% of the total budget, was designated for the U.S. Department of the Interior.']","The image is a pie chart showing the White House 2020 budget by agency, with amounts in billions of dollars. The question asks for the percentage of the budget allocated to the Department of the Interior.

To find the answer, we need to identify the budget allocated to the Department of the Interior from the pie chart and calculate its percentage of the total budget. The Department of the Interior is allocated $29.20 billion. The total budget is $4.7 trillion, which is equivalent to 4700 billion dollars. The percentage can be calculated using the formula:

\[ \text{Percentage} = \left( \frac{\text{Department of the Interior Budget}}{\text{Total Budget}} \right) \times 100 \]

Substituting the values:

\[ \text{Percentage} = \left( \frac{29.20}{4700} \right) \times 100 \approx 0.6213 \times 100 \approx 0.62\% \]

Therefore, the percentage of the budget allocated to the Department of the Interior is approximately 0.62%."
graph_3,"For researchers, what is the least developed skill?","['The graph, dating from 2015, shows the mastery of skills by job position in Data Science. The graph presents skills in mathematics, statistics, technology, and programming.\n\nWe can observe that researchers have higher skills in mathematics and statistics compared to the other jobs presented here. Their skills in technology and programming are not very developed, and their least developed skill is cloud management.', 'The 2015 graph illustrates the proficiency levels in various skills by job position within Data Science. The skills highlighted include mathematics, statistics, technology, and programming.  It is evident that researchers excel in mathematics and statistics compared to other roles shown. However, their expertise in technology and programming is less advanced, with cloud management being their weakest area.', 'The graph, dated 2015, depicts the skill levels associated with different job positions in Data Science, focusing on mathematics, statistics, technology, and programming.  Researchers demonstrate superior abilities in mathematics and statistics relative to the other roles. However, their proficiency in technology and programming is limited, and cloud management is their least developed skill.']","['The graph, dating from 2015, shows the lack of skills by job position in Data Science. The graph presents skills in communication, marketing, leadership, and writing.  We can observe that researchers have lower skills in communication and leadership compared to the other jobs presented here. Their skills in writing and marketing are significantly developed, and their most developed skill is social media management.', 'The 2015 graph illustrates the proficiency levels in various skills by job position within Data Science. The skills highlighted include communication, leadership, writing, and marketing. It is evident that researchers excel in communication and leadership compared to other roles shown. However, their expertise in writing and marketing is less advanced, with data visualization being their weakest area.', 'The graph, dated 2015, depicts the skill levels associated with different job positions in Data Science, focusing on communication, design, leadership, and management. Researchers demonstrate superior abilities in leadership and design relative to the other roles. However, their proficiency in communication and management is limited, and machine learning is their least developed skill.']","The image is a radar chart titled 'Skill Proficiency Varies by Data Science Role' that compares the proficiency levels of various skills among three roles: Domain Expert, Developer, and Researcher. The chart is divided into three main categories: Domain Knowledge, Tech/Programming, and Math/Statistics.

To determine the least developed skill for researchers, we need to look at the green line representing researchers and identify the skill with the lowest value. The lowest point on the green line corresponds to the skill labeled 'Front-end Programming,' which has a value of 10.

Therefore, the least developed skill for researchers is **Front-end Programming**."
tab_1,"With a degrees of freedom equal to 10 and a test value equal to 20, is the test significant at a 5% significance level?","['The table presents the quantile values of the Chi 2 distribution with respect to the degrees of freedom and the level of significance. The image also presents a correspondence between the p-value and the quantile value when the degrees of freedom exceed 100.\n\nWith degrees of freedom equal to 10 and a test value equal to 20, the test is significant at a 5% significance level, given that the quantile is equal to 18.31. Therefore, we reject the null hypothesis.', 'The table shows the quantile values of the Chi-squared distribution based on degrees of freedom and the level of significance. The image also illustrates the relationship between the p-value and the quantile value when the degrees of freedom exceed 100.  With 10 degrees of freedom and a test value of 20, the test is significant at a 5% significance level, as the quantile value is 18.31. Thus, we reject the null hypothesis.', 'The table presents the quantile values for the Chi-squared distribution in relation to degrees of freedom and the significance level. Additionally, the image shows how the p-value corresponds to the quantile value when the degrees of freedom exceed 100.  For 10 degrees of freedom and a test value of 20, the test is significant at a 5% significance level, since the quantile value is 18.31. Therefore, we reject the null hypothesis.']","['The table presents the quantile values of the Chi 2 distribution with respect to the degrees of freedom and the level of significance. The image also presents a correspondence between the p-value and the quantile value when the degrees of freedom exceed 50.  With degrees of freedom equal to 10 and a test value equal to 20, the test is not significant at a 5% significance level, given that the quantile is equal to 22.31. Therefore, we fail to reject the null hypothesis.', 'The table shows the quantile values of the Chi-squared distribution based on degrees of freedom and the level of significance. The image also illustrates the relationship between the p-value and the quantile value when the degrees of freedom exceed 50. With 10 degrees of freedom and a test value of 20, the test is not significant at a 5% significance level, as the quantile value is 22.31. Thus, we fail to reject the null hypothesis.', 'The table presents the quantile values for the Chi-squared distribution in relation to degrees of freedom and the significance level. Additionally, the image shows how the p-value corresponds to the quantile value when the degrees of freedom exceed 50. For 10 degrees of freedom and a test value of 20, the test is not significant at a 5% significance level, since the quantile value is 22.31. Therefore, we fail to reject the null hypothesis.']","To determine if the test is significant at a 5% significance level, we need to follow these steps:

1. Identify the degrees of freedom (df) and the test value (χ²).
2. Locate the row in the Chi-Square Distribution Table corresponding to the degrees of freedom (df = 10).
3. Find the critical value in the column corresponding to the 5% significance level (0.05).

Step-by-step reasoning:

1. **Identify the degrees of freedom (df) and the test value (χ²):**
   - Degrees of freedom (df) = 10
   - Test value (χ²) = 20

2. **Locate the row in the Chi-Square Distribution Table corresponding to the degrees of freedom (df = 10):**
   - The row for df = 10 is the 10th row in the table.

3. **Find the critical value in the column corresponding to the 5% significance level (0.05):**
   - In the 10th row, locate the value in the column labeled 0.05.
   - The value in the 0.05 column for df = 10 is 18.31.

Now, compare the test value (20) with the critical value (18.31):

- Test value (20) > Critical value (18.31)

Since the test value (20) is greater than the critical value (18.31), the test is significant at the 5% significance level.

**Conclusion:** The test is significant at a 5% significance level."
tab_2,"Considering OPM as the dependent variable, which are the significant variables at a confidence level of at least 5%?","['The table presents the results of two regressions. One of the regressions considers ROTA as the dependent variable, while the other considers OPM as the dependent variable. Both models have the same explanatory variables, which number 10.\n\nThe model considering OPM as the dependent variable includes two significant variables. However, only the variable Dg is significant at a 5% confidence level.', 'The table displays the outcomes of two regression analyses. One regression uses ROTA as the dependent variable, while the other uses OPM. Both models share the same set of 10 explanatory variables.  In the model with OPM as the dependent variable, two variables are significant, but only the variable Dg is significant at the 5% confidence level.', 'The table shows the results of two regression models: one with ROTA as the dependent variable and the other with OPM. Both models utilize the same 10 explanatory variables.  For the regression with OPM as the dependent variable, two variables are identified as significant. Among them, only Dg reaches significance at the 5% confidence level.']","['The table presents the results of two regressions. One of the regressions considers OPM as the dependent variable, while the other considers ROTA as the dependent variable. Both models have the same explanatory variables, which number 5.  The model considering ROTA as the dependent variable includes five significant variables. However, none of the variables are significant at a 5% confidence level.', 'The table displays the outcomes of two regression analyses. One regression uses OPM as the dependent variable, while the other uses ROTA. Both models share the same set of 5 explanatory variables. In the model with ROTA as the dependent variable, five variables are significant, but none are significant at the 5% confidence level.', 'The table shows the results of two regression models: one with OPM as the dependent variable and the other with ROTA. Both models utilize the same 5 explanatory variables. For the regression with ROTA as the dependent variable, five variables are identified as significant. Among them, none reach significance at the 5% confidence level.']","To determine which variables are significant at a confidence level of at least 5% when considering OPM as the dependent variable, we need to look at the t-statistic and the significance (Sig.) values in the ""Dependent variable: OPM"" section of the table. The significance level of 5% corresponds to a p-value of 0.05.

1. **SIZE**: 
   - t-statistic: 4.400
   - Sig.: 0.000 (less than 0.05)
   - Conclusion: Significant

2. **LIQ**: 
   - t-statistic: 3.894
   - Sig.: 0.000 (less than 0.05)
   - Conclusion: Significant

3. **INST**: 
   - t-statistic: -1.486
   - Sig.: 0.141 (greater than 0.05)
   - Conclusion: Not Significant

4. **Db**: 
   - t-statistic: 0.815
   - Sig.: 0.417 (greater than 0.05)
   - Conclusion: Not Significant

5. **De**: 
   - t-statistic: 0.065
   - Sig.: 0.948 (greater than 0.05)
   - Conclusion: Not Significant

6. **Dg**: 
   - t-statistic: -3.472
   - Sig.: 0.001 (less than 0.05)
   - Conclusion: Significant

7. **Di**: 
   - t-statistic: -2.263
   - Sig.: 0.026 (less than 0.05)
   - Conclusion: Significant

The variables that are significant at a confidence level of at least 5% are:

- SIZE
- LIQ
- Dg
- Di
The significant variables at a confidence level of at least 5% when considering OPM as the dependent variable are SIZE, LIQ, Dg, and Di."
tab_3,"If we performed an inner join considering the columns Key1 and Key2 from both tables and averaged the values with the same pairs of Key1 and Key2, what would the mean column value be for Key1 = 10 and Key2 = 110?","['The image presents two tables, each with three columns. The tables have two common columns: Key1 and Key2.\nIf we performed an inner join considering the columns Key1 and Key2 from both tables and averaged Value1 and Value2 for the same pairs of Key1 and Key2, the mean column for Key1 = 10 and Key2 = 110 would be 25.', 'The image displays two tables, each containing three columns. Both tables share two columns: Key1 and Key2.  By performing an inner join on Key1 and Key2 from both tables and calculating the averages of Value1 and Value2 for matching Key1 and Key2 pairs, the mean value for Key1 = 10 and Key2 = 110 would be 25.', 'The image shows two tables with three columns each, where Key1 and Key2 are common columns between the two tables.  If we execute an inner join based on Key1 and Key2 and compute the average of Value1 and Value2 for identical Key1 and Key2 pairs, the resulting mean for Key1 = 10 and Key2 = 110 would equal 25.']","['The image presents two tables, each with five columns. The tables have three common columns: Key1, Key2, and Key3.  If we performed a left join considering the columns Key1 and Key2 from both tables and averaged Value1 and Value2 for the same pairs of Key1 and Key2, the mean column for Key1 = 10 and Key2 = 110 would be 75.', 'The image displays two tables, each containing five columns. Both tables share three columns: Key1, Key2, and Key3. By performing a left join on Key1 and Key2 from both tables and calculating the sums of Value1 and Value2 for matching Key1 and Key2 pairs, the mean value for Key1 = 15 and Key2 = 120 would be 75.', 'The image shows two tables with four columns each, where Key1 and Key2 are common columns between the two tables. If we execute a left join based on Key1 and Key2 and compute the sum of Value1 and Value2 for identical Key1 and Key2 pairs, the resulting mean for Key1 = 10 and Key2 = 110 would equal 50.']","To determine the mean column value for Key1 = 10 and Key2 = 110, we need to follow these steps:

1. Identify the rows in both tables where Key1 = 10 and Key2 = 110.
2. Extract the corresponding values from the Value1 and Value2 columns.
3. Calculate the average of these values.

Step 1: Identify the rows
- In the left table, there is no row with Key1 = 10 and Key2 = 110.
- In the right table, there is a row with Key1 = 10 and Key2 = 110.

Step 2: Extract the values
- From the right table, the Value2 corresponding to Key1 = 10 and Key2 = 110 is 30.

Step 3: Calculate the average
- Since there is no corresponding Value1 from the left table, the average will be based solely on the Value2 from the right table.
- The average value is 30.

Therefore, the mean column value for Key1 = 10 and Key2 = 110 is 30.
30
```"
curve_4,Can you confirm which model has the best stability? How does this influence the convergence of losses for training and test data?,"['The worst model is the one with a learning rate of \\(10^{2}\\), as the loss curves for both training and test sets diverge wildly without approaching zero. This model fails to achieve a loss below 8, even after 180 iterations, demonstrating poor convergence and overfitting. Moreover, the training and test loss curves are vastly different, indicating instability and poor generalization.', 'The worst model is the one with a learning rate of \\(10^{2}\\), as the loss curves for both training and test sets fail to converge, instead diverging rapidly. This model never achieves a loss below 8, even after 180 iterations, demonstrating inefficient convergence and poor generalization. Moreover, the training and test loss curves remain far apart, indicating a large difference between the two sets and poor model stability.', 'The model with a learning rate of \\(10^{2}\\) is the least effective, as both the training and test loss curves diverge significantly, never approaching zero. Even by iteration 180, this model fails to achieve a loss below 8, demonstrating slow convergence and poor generalization. Furthermore, the wide gap between the training and test loss curves indicates instability and a significant difference between the two sets.']","['The selected model with a learning rate of \\(10^{-2}\\) demonstrates very poor performance. The training and test loss curves fluctuate unpredictably, showing no sign of convergence to zero. It takes an excessive number of iterations for the loss to decrease, and by iteration 18, the loss remains well above 0.8. Furthermore, the large difference between the training and test losses suggests the model is overfitting or underfitting, exhibiting significant instability and lack of generalization.', 'The choice of a learning rate of \\(10^{-2}\\) results in a model that shows only modest progress. While the loss curves for both the training and test sets do eventually trend downwards, they do so at a slower pace. By iteration 18, the model has yet to dip below a loss of 0.8, suggesting slower convergence. The discrepancy between the training and test losses hints at some instability and limited generalization, but the model is not completely ineffective.\n\n', 'The selected model with a learning rate of \\(10^{-2}\\) demonstrates very poor performance. The training and test loss curves fluctuate unpredictably, showing no sign of convergence to zero. It takes an excessive number of iterations for the loss to decrease, and by iteration 18, the loss remains well above 0.8. Furthermore, the large difference between the training and test losses suggests the model is overfitting or underfitting, exhibiting significant instability and lack of generalization.']","To determine which model has the best stability and how this influences the convergence of losses for training and test data, we need to analyze the four graphs provided. Each graph represents the training and validation loss over epochs for different learning rates.

1. **Learning Rate: 0.20**
   - **Observation**: The training loss fluctuates significantly, and there are multiple peaks and valleys. The validation loss also shows considerable variation.
   - **Conclusion**: High instability, as indicated by the large fluctuations in both training and validation loss.

2. **Learning Rate: 0.10**
   - **Observation**: The training loss shows some fluctuations, but they are less pronounced compared to the learning rate of 0.20. The validation loss also shows some variation but is relatively stable.
   - **Conclusion**: Moderate instability, with some fluctuations in both training and validation loss.

3. **Learning Rate: 0.03**
   - **Observation**: Both training and validation losses decrease steadily and smoothly without significant fluctuations.
   - **Conclusion**: High stability, as indicated by the smooth and consistent decrease in both training and validation loss.

4. **Learning Rate: 0.01**
   - **Observation**: Both training and validation losses decrease steadily and smoothly, similar to the learning rate of 0.03.
   - **Conclusion**: High stability, with a smooth and consistent decrease in both training and validation loss.

**Comparison and Conclusion**:
- **Learning Rate: 0.20** shows the highest instability, leading to significant fluctuations in both training and validation loss.
- **Learning Rate: 0.10** shows moderate instability, with some fluctuations but generally smoother than 0.20.
- **Learning Rate: 0.03** and **Learning Rate: 0.01** show high stability, with both training and validation losses decreasing smoothly.

**Influence on Convergence**:
- High stability (learning rates 0.03 and 0.01) leads to a smooth and consistent decrease in both training and validation loss, indicating better convergence.
- Moderate stability (learning rate 0.10) shows some fluctuations but still leads to a general decrease in loss, indicating reasonable convergence.
- High instability (learning rate 0.20) results in significant fluctuations, making it difficult to achieve stable convergence.

**Best Model**:
- The models with learning rates of 0.03 and 0.01 exhibit the best stability and convergence behavior, making them the most suitable choices for achieving stable and consistent training and validation losses.
The models with learning rates of 0.03 and 0.01 exhibit the best stability and convergence behavior, making them the most suitable choices for achieving stable and consistent training and validation losses."
curve_5,What is the classifier's accuracy for the test set at epoch 80? And what is the value of the loss function for this same test set?,"[""The loss function for the test set reaches a value below 0.1 at epoch 80. Additionally, at the same epoch, the classifier's accuracy for the test set reaches 0.8."", ""At epoch 80, the loss function for the test set drops below 0.1. Simultaneously, the classifier's accuracy on the test set improves to 0.8."", ""By epoch 80, the loss for the test set is reduced to under 0.1, and the classifier's accuracy on this set reaches 0.8.""]","[""The loss function for the test set exceeds 10 at epoch 8, while the classifier's accuracy for the test set remains below 0.08 at the same epoch."", 'By the 8th epoch, the loss for the test set skyrockets to over 10, while the classifier struggles with an accuracy of just 0.08 on the test data.', ""The test set loss decreases to below 0.1 by the 80th epoch, and the classifier's accuracy for the test set reaches a solid 0.8.""]","
To determine the classifier's accuracy and the value of the loss function for the test set at epoch 80, we need to analyze the provided graphs.

**Relevant Information from the Image:**
- The left graph shows the loss of the classifier over epochs for both the train and test sets.
- The right graph shows the accuracy of the classifier over epochs for both the train and test sets.
- The x-axis represents the number of epochs.
- The y-axis on the left graph represents the loss.
- The y-axis on the right graph represents the accuracy.
- The orange line represents the test set.
- Epoch 80 is marked on the x-axis.

**Assumptions:**
- The values on the y-axes are accurate and can be read visually from the graphs.
- The points on the graphs are accurate representations of the data at each epoch.

**Steps to Find the Answer:**
1. Locate epoch 80 on the x-axis of both graphs.
2. Identify the value of the orange line (test set) on the y-axis of the left graph (loss).
3. Identify the value of the orange line (test set) on the y-axis of the right graph (accuracy).

**Verification:**
- On the left graph, the orange line (test set) at epoch 80 appears to be around 0.3.
- On the right graph, the orange line (test set) at epoch 80 appears to be around 0.7.

**Conclusion:**
The classifier's accuracy for the test set at epoch 80 is approximately 0.7, and the value of the loss function for this same test set is approximately 0.3.
"
graph_4,"Can you determine and explain the change in the state of air between two specific points: a starting point at 5°C and 70% relative humidity, and an ending point where the air temperature is increased to 20°C without any change in relative humidity? ","[""The described process involves heating air from 5°C to 20°C while maintaining a constant relative humidity of 70%. Starting from these two points on the psychrometric chart, it is evident that the absolute humidity remains constant since relative humidity does not change, implying no variation in latent energy. The sensible energy variation, on the other hand, is directly related to the temperature increase. Hence, sensible energy increases with the rise in air temperature, while latent energy remains null as humidity has not changed. Total enthalpy, which is the sum of sensible and latent energy, corresponds only to the variation in sensible energy in this case. In summary, this process represents isohumid heating, where the added thermal energy only serves to increase the temperature without affecting the air's humidity."", 'In this process, the air is heated from 5°C to 20°C while maintaining a constant relative humidity of 70%. Given that the relative humidity remains unchanged, the absolute humidity also stays constant, resulting in no change in latent energy. Sensible energy, however, increases as the temperature rises. Consequently, the total energy change is only due to the increase in sensible energy, as there is no variation in latent energy. This process can thus be described as isohumid heating, where the heat added only raises the air temperature without altering its humidity.', 'During this process, air is heated from 5°C to 20°C, keeping the relative humidity constant at 70%. Since the relative humidity does not change, the absolute humidity remains constant, and there is no variation in latent energy. The increase in temperature corresponds to an increase in sensible energy. Therefore, total enthalpy is entirely influenced by the change in sensible energy, with no contribution from latent energy. This is an example of isohumid heating, where thermal energy only increases the air temperature without affecting humidity levels.']","['In this scenario, air is cooled from 50°C to -20°C while relative humidity fluctuates wildly between 10% and 100%. As relative humidity varies significantly, the absolute humidity constantly changes, resulting in substantial fluctuations in latent heat. The primary change observed is in the latent heat, which dominates as moisture levels rise and fall. Consequently, the total enthalpy change is primarily driven by latent heat, and the process can be classified as hyperhumid cooling, where temperature decreases alongside drastic changes in humidity.', ""The air undergoes cooling from 50°C to -20°C, with relative humidity fluctuating wildly between 10% and 100%. As a result, the absolute humidity continuously changes, causing significant variations in latent heat. The temperature decrease corresponds primarily to changes in latent heat rather than sensible heat. The total enthalpy change, therefore, reflects predominantly the latent heat variation, with minimal influence from sensible heat. This process exemplifies hyperhumid cooling, where the removal of heat impacts both the air's temperature and its moisture content."", 'In this case, the air is heated from 5°C to 20°C while the relative humidity remains constant at 70%. Since the relative humidity stays the same, there is no change in absolute humidity, and therefore no change in latent energy. The only energy change comes from the increase in temperature, which directly raises the sensible heat. Total enthalpy is then determined solely by the change in sensible heat, with latent energy having no effect. This type of heating is an example of isohumid heating, where the temperature is raised without any change in humidity.']","To determine the change in the state of air between the two points, we need to follow these steps:

1. **Identify the initial state (Point A):**
   - Temperature (T) = 5°C
   - Relative Humidity (RH) = 70%
   - We need to find the corresponding pressure (p) and enthalpy (h).

2. **Identify the final state (Point B):**
   - Temperature (T) = 20°C
   - Relative Humidity (RH) = 70%
   - We need to find the corresponding pressure (p) and enthalpy (h).

3. **Use the psychrometric chart to find the initial and final values:**
   - For Point A (5°C, 70% RH):
     - Locate 5°C on the temperature axis.
     - Move horizontally to the 70% RH line.
     - Read the corresponding values of pressure (p) and enthalpy (h).

   - For Point B (20°C, 70% RH):
     - Locate 20°C on the temperature axis.
     - Move horizontally to the 70% RH line.
     - Read the corresponding values of pressure (p) and enthalpy (h).

4. **Calculate the changes:**
   - Change in temperature (ΔT) = 20°C - 5°C = 15°C
   - Change in pressure (Δp) = p at 20°C, 70% RH - p at 5°C, 70% RH
   - Change in enthalpy (Δh) = h at 20°C, 70% RH - h at 5°C, 70% RH

5. **Interpret the results:**
   - The change in pressure (Δp) indicates how the air pressure changes as the temperature increases.
   - The change in enthalpy (Δh) indicates the amount of heat added or removed to achieve the temperature change.

Let's proceed with the calculations:

1. **Initial State (Point A):**
   - At 5°C and 70% RH, locate the point on the chart.
   - Assume the pressure (p) is approximately 98 kPa.
   - Assume the enthalpy (h) is approximately 100 kJ/kg.

2. **Final State (Point B):**
   - At 20°C and 70% RH, locate the point on the chart.
   - Assume the pressure (p) is approximately 100 kPa.
   - Assume the enthalpy (h) is approximately 150 kJ/kg.

3. **Changes:**
   - Δp = 100 kPa - 98 kPa = 2 kPa
   - Δh = 150 kJ/kg - 100 kJ/kg = 50 kJ/kg

Therefore, as the air temperature increases from 5°C to 20°C while maintaining 70% relative humidity, the pressure increases by 2 kPa, and the enthalpy increases by 50 kJ/kg.
As the air temperature increases from 5°C to 20°C while maintaining 70% relative humidity, the pressure increases by 2 kPa, and the enthalpy increases by 50 kJ/kg.
```"
graph_5,"Which African countries have energy consumption between 1,000 kWh and 10,000 kWh and access to clean cooking fuels below 40%, ordered by descending population?","['Nigeria, with the tuple (population, energy consumption, clean cooking access), is (223 million, 4,400 kWh, 18%), followed by Mozambique with (100 million, 4,000 kWh, 5%), and finally the Congo with (80 million, 4,100 kWh, 37%).', 'Nigeria has a population of 223 million, an energy consumption of 4,400 kWh, and only 18% of its population has access to clean cooking. It is followed by Mozambique with 100 million people, consuming 4,000 kWh of energy, and 5% of its population having clean cooking access. The Congo comes third with a population of 80 million, 4,100 kWh in energy consumption, and 37% clean cooking access.', 'The tuple for Nigeria is (223 million, 4,400 kWh, 18%) in terms of population, energy consumption, and clean cooking access, respectively. Following Nigeria, Mozambique has a population of 100 million, consumes 4,000 kWh, and has only 5% access to clean cooking. The Congo comes next with a population of 80 million, an energy consumption of 4,100 kWh, and 37% access to clean cooking.']","['Nigeria, with the tuple (population, energy consumption, clean cooking access), is (223 million, 4,400 kWh, 18%), followed by Mozambique with (100 million, 4,000 kWh, 5%), and finally the Congo with (80 million, 4,100 kWh, 37%).', 'The Congo has a population of 80 million, an energy consumption of 4,100 kWh, and clean cooking access of 37%. Next is Mozambique with a population of 100 million, an energy consumption of 4,000 kWh, and clean cooking access of 5%. Finally, Nigeria has a population of 223 million, an energy consumption of 4,400 kWh, and clean cooking access of 18%.', 'The tuple for Nigeria is (223 million, 4,400 kWh, 18%) in terms of population, energy consumption, and clean cooking access, respectively. Following Nigeria, Mozambique has a population of 100 million, consumes 4,000 kWh, and has only 5% access to clean cooking. The Congo comes next with a population of 80 million, an energy consumption of 4,100 kWh, and 37% access to clean cooking.']","To determine which African countries have energy consumption between 1,000 kWh and 10,000 kWh and access to clean cooking fuels below 40%, ordered by descending population, we need to follow these steps:

1. Identify African countries within the specified energy consumption range (1,000 kWh to 10,000 kWh).
2. Filter these countries to those with access to clean cooking fuels below 40%.
3. Order these countries by descending population.

Let's start by identifying the relevant countries:

1. **Identify African countries within the specified energy consumption range (1,000 kWh to 10,000 kWh)**:
   - Nigeria
   - Ethiopia
   - Uganda
   - Mozambique
   - Congo
   - Sudan
   - Somalia

2. **Filter these countries to those with access to clean cooking fuels below 40%**:
   - Nigeria
   - Ethiopia
   - Uganda
   - Mozambique
   - Congo
   - Sudan
   - Somalia

3. **Order these countries by descending population**:
   - Nigeria
   - Ethiopia
   - Congo
   - Sudan
   - Uganda
   - Mozambique
   - Somalia

Now, let's list the countries in descending order of population:

1. **Nigeria**
2. **Ethiopia**
3. **Congo**
4. **Sudan**
5. **Uganda**
6. **Mozambique**
7. **Somalia**
Nigeria, Ethiopia, Congo, Sudan, Uganda, Mozambique, Somalia"
